1,0.29825,0.095048,0.12449,0.095528,-0.089656,0.1117,0.12039,0.083878,0.033839,0.082,0.10528,0.14872,-0.0055926,-0.021734,-0.015175,0.0076363,-0.026398,-0.011201,0.017785,0.014992,0.023682,0.0015434,0.014174,-0.010613,0.011965,0.018456,0.0043188,-0.028191,-0.0067263,-0.03378,0.010021,0.0090294,0.010896,0.0047304,0.070882,0.0087419,-0.017841,0.021424,0.010506,0.0084068,0.0019581,0.01621,-0.033274,-0.030679,0.0028981,-0.0054602,0.033495,-0.014752,-0.0077878,-0.0094418,-0.020772,0.0099,-0.00096915,-0.038589,-0.015255,-0.033512,-0.015771,0.019709,-0.028697,-0.013307,-0.0014246,-0.0032689,-0.010644,-0.00060053,-0.017317,0.0038451,-0.0067688,-0.028484,0.015239,-0.039079,0.0032916,0.032531,0.0027716,0.02837,0.016345,-0.053075,-0.023584,-0.018263,0.037106
0.29825,1,0.26244,0.25755,0.20334,-0.054583,0.11029,0.039393,-0.0010563,0.0027062,0.10236,0.11641,0.066669,0.019377,-0.010787,-0.012511,0.044852,-0.024246,-0.060698,-0.026811,0.04676,0.0090817,-0.017854,-0.019361,-0.036976,-0.02671,-0.01205,0.010246,-0.04112,0.028353,-0.043148,0.027983,0.013294,0.0092303,0.00063348,-0.022691,0.013603,-0.049331,0.0039907,-0.019475,-0.011251,0.032102,0.0069497,-0.025022,-0.036283,0.067581,-0.0061356,0.011243,-0.04774,0.017252,-0.015972,-0.067747,-0.019118,0.012264,-0.023381,-0.014106,0.0011521,-0.012072,-0.028459,-0.022058,-0.046272,-0.017976,-0.0044151,0.017662,0.030136,-0.02811,0.04564,-0.0081628,-0.026365,-0.021234,-0.044284,-0.032774,0.0026586,-0.004272,0.026371,0.00030864,-0.042628,-0.027852,-0.070592,-0.039505
0.095048,0.26244,1,0.30937,0.25532,-0.0051516,0.051524,0.042788,0.018882,-0.0062974,-0.0030005,-0.048615,-0.0072833,0.0077444,-0.006818,0.004374,0.023367,0.069296,0.0143,-0.032031,-0.013045,-0.076739,-0.023112,-0.038082,0.036011,0.0085704,-0.0079363,0.0051237,-0.021786,-0.024077,-0.013632,-0.0087034,-0.032772,-0.060479,0.0022843,-0.035012,-0.0037363,-0.036216,0.00066486,-0.026078,-0.033811,0.019248,0.016271,-0.028691,-0.015992,-0.010513,-0.043947,-0.026142,0.048568,0.0012039,-0.026627,-0.036445,-0.044053,0.010598,-0.031018,-0.010922,-0.0046461,0.0035323,-0.0067164,0.067884,-0.054588,-0.001756,0.01563,-0.043788,-0.010798,0.0063387,0.0066155,0.017449,0.039272,-0.037072,-0.044403,-0.036341,-0.019159,-0.035071,-0.0044643,-0.045554,-0.040801,-0.039319,-0.04369,-0.036532
0.12449,0.25755,0.30937,1,0.37905,-0.020268,-0.024425,0.21558,0.014404,0.069095,-0.065686,-0.076524,0.039762,-0.0068201,0.0099759,0.031059,0.014137,0.050585,-0.02081,-0.0087969,-0.0088959,-0.030173,0.018598,-0.00031526,-0.043264,-0.027125,-0.026029,-0.027926,-0.012495,-0.022631,-0.020285,-0.017111,-0.0020651,-0.043843,-0.037693,-0.039303,-0.015743,-0.024953,-0.0023176,-0.07808,-0.058157,-0.013812,-0.010195,-0.037223,-0.023626,-0.047861,-0.040134,-0.034517,-0.041005,-0.0077627,-0.031619,0.00016011,-0.041964,-0.002374,-0.055629,-0.017073,-0.035811,0.032693,-0.015559,-0.01674,-0.041859,-0.0072819,-0.030934,-0.043964,-0.0065184,-0.034654,0.0085232,-0.026431,-0.012447,-0.038778,0.018953,0.016354,-0.0097103,-0.0069833,-0.047231,-0.075437,-0.033987,-0.028257,-0.023649,-0.039938
0.095528,0.20334,0.25532,0.37905,1,-0.014962,-0.020988,0.052634,-0.034193,0.095134,-0.072907,-0.071804,0.031912,-0.06604,-0.0079588,-0.026919,-0.012166,0.026833,0.10479,-0.010273,-0.002663,-0.04295,0.022081,0.017793,0.048794,-0.020211,-0.049185,-0.0023046,0.10146,-0.023329,-0.0095323,-0.0039139,0.0087513,-0.049422,-0.021963,-0.024942,-0.013159,-0.026619,-0.0018804,0.030712,0.0040834,0.0097137,0.016807,-0.022928,0.020002,-0.023257,-0.02244,-0.0067736,-0.03299,0.0097097,0.028813,-0.023842,-0.041812,-0.0083064,0.041899,-0.034926,-0.022453,-0.0028435,-0.0083602,-0.0075011,0.052758,-0.018558,-0.021249,-0.013464,0.021102,-0.015971,0.0055931,-0.042359,0.028987,-0.031226,-0.0010991,-0.023002,-0.001398,-0.0096893,-0.02466,-0.071501,-0.042429,-0.03451,-0.0030474,-0.042743
-0.089656,-0.054583,-0.0051516,-0.020268,-0.014962,1,-0.0051015,-0.037964,0.011713,-0.02842,-0.055415,-0.038099,-0.10181,0.023156,0.14001,0.01868,0.033365,0.067676,-0.031486,-0.0083243,-0.024954,-0.036769,0.0049016,-0.017006,-0.01479,-0.011847,0.013116,-0.019169,-0.025457,-0.017708,-0.0041346,-0.017672,-0.0082522,-0.020824,-0.013943,-0.0086817,-0.018068,-0.019217,-0.065819,-0.028739,-0.040912,-0.0097985,-0.020671,-0.013096,-0.0085501,-0.016822,-0.013213,-0.011594,-0.018284,0.0060857,-0.0096317,-0.026989,0.003899,-0.0079155,-0.0096207,-0.010621,-0.014298,-0.00049083,-0.0016075,0.00063631,0.021241,-0.01251,-0.0088022,-0.018044,-0.015145,0.023447,-0.012666,-0.0078594,-0.0083774,-0.0065049,-0.016857,-0.010391,0.018081,-0.0062779,-0.0011431,-0.01682,-0.014248,-0.018783,-0.0044417,-0.017415
0.1117,0.11029,0.051524,-0.024425,-0.020988,-0.0051015,1,0.13877,0.11823,0.047983,0.046347,0.075654,0.069981,-0.024607,0.032529,-0.018175,-0.0036186,0.033639,-0.023755,0.0033313,0.089921,0.016282,0.0067471,0.022082,-0.014501,-0.011415,-0.021794,0.029009,-0.029352,-0.017174,-0.031341,-0.034916,-0.012625,-0.02288,0.032763,-0.0066079,-0.029307,-0.037288,-0.036576,-0.0037475,-0.013237,-0.026262,-0.023492,0.034203,-0.039325,-0.042064,-0.0029495,-0.040296,-0.003829,-0.0143,0.040891,-0.012942,-0.01489,-0.0099582,0.10173,-0.013818,0.099851,-0.0095192,-0.012407,-0.021375,-0.05197,0.010578,-0.034643,0.016399,0.000931,0.05203,-0.017028,0.026839,0.0093513,-0.023173,-0.022306,-0.012559,-0.017268,0.0037997,-0.031071,0.033577,-0.018247,-0.019072,0.030124,-0.041566
0.12039,0.039393,0.042788,0.21558,0.052634,-0.037964,0.13877,1,0.25577,0.095447,0.024306,-0.012489,0.19181,-0.018616,-0.032268,0.026211,-0.026581,-0.0017502,-0.059582,0.014348,-0.049429,0.036016,-0.046864,-0.037886,-0.014589,-0.033859,-0.0032001,0.0005086,-0.00039259,-0.029165,-0.0080496,-0.019901,0.0098585,-0.012732,-0.023651,-0.019425,-0.053715,-0.022207,0.035585,-0.051992,-0.017212,-0.036281,0.0030532,-0.02116,-0.025475,0.013144,0.0016508,-0.03212,-0.030104,-0.010915,0.028855,0.041354,0.033944,-0.034087,-0.043267,-0.022169,-0.040825,-0.029846,-0.010535,0.061724,-0.027151,-0.0072827,-0.026215,-0.039693,0.02848,0.048854,-0.003771,-0.023629,-0.01067,-0.041258,0.017334,-0.011221,-0.033327,-0.029402,-0.053838,-0.028781,-0.040826,-0.033839,-0.044871,-0.031554
0.083878,-0.0010563,0.018882,0.014404,-0.034193,0.011713,0.11823,0.25577,1,0.021157,0.060366,0.035678,0.21933,0.015102,0.0050984,-0.0038039,0.0031792,-0.041172,-0.0056905,-0.018108,-0.040004,-0.016128,-0.0060188,-0.0039585,-0.00042194,-0.02503,0.01166,-0.047954,-0.0040103,0.018182,0.0079463,0.038576,-0.032747,-0.022904,-0.033667,-0.0095394,-0.027529,-0.030592,0.053213,-0.033018,0.024592,-0.032394,-0.0055246,0.012852,-0.038588,-0.012951,-0.011349,-0.010064,-0.040236,0.015481,-0.0071156,-0.047032,0.065451,-0.011999,-0.02752,0.018283,-0.00012817,-0.039043,0.062009,-0.0415,0.02264,0.015936,-0.0073933,0.014492,0.010986,-0.040431,-0.0086027,-0.031582,-0.012615,-0.017508,-0.026065,-0.024917,-0.039509,-0.0027045,-0.026504,-0.031356,-0.033759,-0.02106,-0.032985,0.03926
0.033839,0.0027062,-0.0062974,0.069095,0.095134,-0.02842,0.047983,0.095447,0.021157,1,-0.039629,-0.014524,0.012683,9.243e-05,0.033215,0.094918,-0.0060191,0.03273,-0.0018022,0.063925,0.016298,-0.041664,-0.015722,0.02004,0.0027592,-0.013846,0.0011636,0.00029742,0.010206,-0.021001,0.0020601,-0.0080913,-0.013688,-4.5728e-05,0.0020956,-0.013863,-0.0084249,-0.018926,-0.0059276,0.01457,-0.015163,-0.027742,-0.0028716,-0.021459,-0.027046,0.0032358,-0.019485,-0.0010871,-0.013567,-0.016952,-0.01364,-0.01212,-0.016332,-0.00083538,-0.034374,-0.028818,-0.0081143,-0.010689,-0.0034201,0.20627,-0.027386,0.019197,-0.027218,-0.013486,0.008056,0.043687,-0.010315,-0.024091,-0.025356,-0.0099878,0.012566,-0.0021281,-0.0052835,-0.015829,0.000754,0.042805,-0.017823,-0.018473,0.096262,0.04779
0.082,0.10236,-0.0030005,-0.065686,-0.072907,-0.055415,0.046347,0.024306,0.060366,-0.039629,1,0.17125,0.15093,0.0039284,-0.016851,0.053567,0.031312,-0.03159,-0.0057075,0.01021,-0.0035377,0.069331,-0.017647,-0.027226,-0.025473,-0.0066628,0.040824,-0.04247,-0.028167,-0.0096065,-0.0017465,0.020714,0.012503,-0.01043,-0.013013,-0.023729,-0.00011317,0.0067121,0.025545,-0.017973,-0.00061057,0.01444,-0.019497,-0.0013504,0.011967,0.01904,0.093905,-0.010235,0.06437,-0.022918,0.0025143,-0.032389,-0.004819,0.033687,-0.020512,-0.031421,-0.015403,0.002818,-0.017038,-0.0084209,-0.033141,0.00089715,0.035401,-0.024688,-0.021663,0.033616,0.0045523,0.015279,-0.0044155,-0.010995,-0.013118,0.032106,-0.012983,-0.010147,-0.029075,-0.025609,-0.026054,0.030564,0.0087783,0.0069093
0.10528,0.11641,-0.048615,-0.076524,-0.071804,-0.038099,0.075654,-0.012489,0.035678,-0.014524,0.17125,1,0.18495,0.081163,0.013489,-0.0057939,0.061227,-0.0031708,-0.0080657,0.022232,0.077176,0.0061396,-0.018005,0.038776,-0.0074788,0.014038,0.03912,0.0026886,-0.030574,-0.0031673,-0.028661,0.0024422,0.0062342,-0.047397,0.070559,-0.02577,0.0034653,0.072076,-0.028074,-0.0028263,-0.015641,-0.010032,-0.00058911,0.014288,0.062166,-0.031181,0.037236,-0.015267,0.049916,-0.0029214,0.047322,-0.026937,0.042665,0.01044,-0.032849,0.04406,-0.025006,0.0041373,0.018617,0.00045823,0.050882,0.037299,-0.015769,0.044355,0.025127,-0.046503,0.044639,0.0091573,0.0080786,0.0086201,0.030632,0.064345,-0.030776,0.0023998,0.033824,0.020684,-0.027299,0.019134,-0.028505,0.041931
0.14872,0.066669,-0.0072833,0.039762,0.031912,-0.10181,0.069981,0.19181,0.21933,0.012683,0.15093,0.18495,1,0.058784,-0.0009497,0.01388,-0.0024829,-0.027025,0.061032,-0.01012,0.027971,0.03794,0.00062762,-0.018098,0.037593,0.014161,0.066647,0.0072005,0.013575,-0.01324,0.02296,-0.0036713,0.054092,0.044913,0.0034782,-0.018559,0.029223,-0.0096603,0.20049,-0.034579,0.11377,-0.032525,0.015391,-0.03007,0.02976,0.034075,-0.00073879,-0.033503,-0.018509,-0.0038592,0.031544,0.0092881,0.018297,-0.015564,-0.025282,0.014073,-0.025085,0.023595,0.078015,-0.037341,0.054095,0.042176,0.02417,0.083491,0.012133,-0.042039,0.034461,0.0094122,-0.011609,-0.0095336,-0.0054669,0.015169,0.01182,0.02877,0.0020551,-0.015979,-0.03434,0.01294,-0.022361,-0.021335
-0.0055926,0.019377,0.0077444,-0.0068201,-0.06604,0.023156,-0.024607,-0.018616,0.015102,9.243e-05,0.0039284,0.081163,0.058784,1,-0.015086,0.080487,0.012805,0.13336,-0.0095056,0.025809,0.020343,0.0033887,0.034596,-0.0040889,0.012773,0.019361,-0.015893,0.0051295,-0.0043227,0.019756,-0.0077053,0.034767,-0.011173,0.092487,0.023776,0.015527,0.0036812,0.036318,0.0075632,-0.006486,-0.00051112,0.0024503,0.0095732,-0.0049162,-0.00038825,-0.0087455,0.021059,0.014076,-0.018689,0.012054,-0.0075505,0.027007,-0.010543,-0.005369,-0.0062539,-0.019355,-0.0078369,-0.0046709,-0.021351,-0.01368,-0.020192,0.012576,0.014284,-0.023292,-0.02425,-0.015726,-0.011422,-0.018564,-0.026396,0.027924,-0.016011,-0.011436,-0.016808,-0.002874,-0.026416,0.00099342,-0.017041,-0.0072932,-0.0026708,-0.002288
-0.021734,-0.010787,-0.006818,0.0099759,-0.0079588,0.14001,0.032529,-0.032268,0.0050984,0.033215,-0.016851,0.013489,-0.0009497,-0.015086,1,0.01211,0.043866,0.0089747,0.033736,0.056183,0.055496,0.038312,-0.00071426,-0.0070588,0.0087165,-0.0099979,-0.010929,0.019245,0.0073985,-0.00058601,0.027132,-0.016325,-0.01263,-0.012634,0.055423,0.0010326,0.01238,-0.010765,-0.013582,-0.011526,-0.015814,-0.0053462,0.0084709,0.17263,0.019862,-0.01402,-0.0087101,0.008849,-0.0073692,-0.0051361,0.012145,-0.0066628,-0.0054275,0.0061579,-0.0044174,-0.020141,-0.0073069,-0.004841,-0.0087052,0.00097685,-0.018191,0.018954,-0.0051073,-0.0064003,0.0082078,-0.011128,0.020087,-0.00018122,-0.022207,-0.013587,-0.0080309,-0.0072985,-0.0085855,-0.010011,-0.011161,-0.009177,-0.013155,-0.0062132,-0.020351,-0.006237
-0.015175,-0.012511,0.004374,0.031059,-0.026919,0.01868,-0.018175,0.026211,-0.0038039,0.094918,0.053567,-0.0057939,0.01388,0.080487,0.01211,1,0.065307,0.081554,0.022223,0.0054747,0.010145,-0.0087354,0.028708,0.012541,0.0030469,-0.0025466,-0.015597,-0.017471,0.0085603,0.011435,-0.0033082,0.068608,0.063836,0.060673,0.013234,0.011603,-0.026896,0.057353,-0.021026,0.0095585,-0.014726,0.0082363,0.030188,0.0023059,0.0043668,-0.0053964,0.036086,-0.017095,-0.013672,0.0029537,-0.012578,-0.0089198,0.060591,-0.0082364,-0.023341,-0.012997,0.0038222,0.0065956,-0.018515,-0.0082467,-0.0048856,0.025076,-0.012584,0.022211,-0.016307,-0.018662,0.012712,-0.00021687,-0.008556,0.047833,-0.013808,0.0072202,-0.017121,0.12343,-0.01817,0.010879,0.015895,0.0087287,-0.016253,-0.016578
0.0076363,0.044852,0.023367,0.014137,-0.012166,0.033365,-0.0036186,-0.026581,0.0031792,-0.0060191,0.031312,0.061227,-0.0024829,0.012805,0.043866,0.065307,1,0.062839,-0.0063151,0.033028,0.029102,0.0033312,0.010599,0.0058507,-0.020107,0.027755,-0.0042285,0.022678,-0.015314,-0.016703,0.0061265,0.064851,-0.005512,-0.013237,0.0012692,-0.010337,-0.019341,-0.0020659,-0.01505,-0.023827,-0.014459,-0.00085756,-0.012589,-0.0078535,-0.0099024,-0.017277,0.018727,0.018729,-0.0066395,0.0084085,0.023083,-0.0043649,0.022495,-0.004746,-0.01716,-0.010519,0.041535,-0.0079962,0.0054049,-0.013201,-0.0034799,-0.0011524,-0.0069029,-0.0070279,0.0079914,-0.018441,0.052451,-0.0021078,-0.017413,-0.00806,-0.0066454,0.0043527,0.079159,-0.0076312,-0.018025,-0.014699,0.0022687,0.03792,0.0088012,0.012178
-0.026398,-0.024246,0.069296,0.050585,0.026833,0.067676,0.033639,-0.0017502,-0.041172,0.03273,-0.03159,-0.0031708,-0.027025,0.13336,0.0089747,0.081554,0.062839,1,0.0085244,0.039455,0.026257,-0.024612,0.0046632,0.12278,0.022766,0.029863,9.803e-05,-0.0024762,0.021824,0.038391,0.02439,0.037444,0.0049742,0.022537,0.035766,-0.0012246,-0.021653,-0.0067933,-0.024277,0.002659,-0.024035,-0.0080629,-0.0037332,0.009673,-0.017782,-0.01033,-0.0052322,-0.011147,-0.014365,0.039404,-0.0073945,-0.012967,-0.0064787,-0.0046009,0.015989,-0.016611,-0.0041122,0.0081933,-0.017729,0.0092244,-0.017769,0.0015375,-0.0081574,-0.013922,0.02727,-0.011555,-0.013456,-0.012263,0.0059672,-0.014987,-0.013523,-0.0035764,-0.00093737,-0.00013111,-0.0197,-0.011943,-0.010399,0.0092797,-0.012846,-0.0097377
-0.011201,-0.060698,0.0143,-0.02081,0.10479,-0.031486,-0.023755,-0.059582,-0.0056905,-0.0018022,-0.0057075,-0.0080657,0.061032,-0.0095056,0.033736,0.022223,-0.0063151,0.0085244,1,0.039293,0.048868,-0.0084005,-0.016154,0.0049374,0.1121,0.026921,0.002116,0.022688,0.10609,-0.013431,0.0066214,0.054067,0.0078023,0.057115,-0.015483,0.015605,-0.02209,0.029733,0.066265,0.023013,0.0054596,0.033909,0.012297,-0.0059821,0.085476,0.0081916,-0.0081796,-0.019361,0.0020542,-0.020059,0.11077,0.0053756,0.024165,0.097969,0.040135,0.025579,0.07868,0.019253,0.0058062,-0.0074795,-0.0095121,-0.0086793,0.036872,-0.0055492,0.015626,-0.020403,-0.012507,-0.018664,-0.00082303,0.027589,0.028409,0.07418,-0.015625,0.02665,-0.01705,0.058979,-0.018735,0.037179,0.0023418,-0.01165
0.017785,-0.026811,-0.032031,-0.0087969,-0.010273,-0.0083243,0.0033313,0.014348,-0.018108,0.063925,0.01021,0.022232,-0.01012,0.025809,0.056183,0.0054747,0.033028,0.039455,0.039293,1,0.11001,0.0061569,0.026878,0.09189,0.012991,0.030271,-0.01191,0.0032409,-0.02495,0.0076625,-0.0076005,-0.017912,-0.023637,-0.00098596,0.019935,0.035472,0.003419,-0.0072918,-0.024482,0.06531,-0.043089,0.016854,0.017648,-0.0081279,-0.019619,0.00050379,-0.012116,0.0097839,-0.013189,-0.0013881,-0.0062716,0.14396,-0.003569,-0.0028338,0.03221,-0.017335,0.00047828,0.00059479,-0.0095763,0.026007,-0.0068991,0.053049,-0.0072997,-0.017912,0.017792,-0.012858,-0.0043956,-0.00083899,0.0032948,0.038325,0.20777,-0.0038499,-0.004914,-0.010484,-0.012865,0.011306,-0.010462,-0.018493,0.061514,-0.019565
0.014992,0.04676,-0.013045,-0.0088959,-0.002663,-0.024954,0.089921,-0.049429,-0.040004,0.016298,-0.0035377,0.077176,0.027971,0.020343,0.055496,0.010145,0.029102,0.026257,0.048868,0.11001,1,-0.01414,0.0027012,0.013158,-0.025613,0.011405,0.041709,-0.02541,-0.025527,0.024014,-0.00073275,0.019495,0.0026687,-0.024698,0.023355,0.023911,0.003052,-0.018224,-0.021379,-0.0096047,-0.0093871,-0.01523,0.011985,-0.015243,-0.013792,-0.0095085,0.0010945,-0.0052399,-0.017551,-0.019869,-0.0099091,-0.0061494,-0.013685,0.0094976,-0.01072,-0.01602,-0.013051,-0.0030057,-0.016852,0.0092196,-0.014021,-0.00030865,-0.014802,0.21693,-0.0092937,-0.014757,-0.017974,-0.010866,-0.0082663,0.066293,-0.0063908,0.0044589,0.0097383,-0.010658,-0.017073,0.025639,-0.0058094,-0.016743,-0.0086152,-0.0060282
0.023682,0.0090817,-0.076739,-0.030173,-0.04295,-0.036769,0.016282,0.036016,-0.016128,-0.041664,0.069331,0.0061396,0.03794,0.0033887,0.038312,-0.0087354,0.0033312,-0.024612,-0.0084005,0.0061569,-0.01414,1,-0.010036,-0.0075166,-0.017142,0.0025453,0.011131,0.083604,-0.02959,0.12704,0.092437,0.071273,-0.015945,0.010033,-0.017651,-0.01119,0.031826,0.062167,0.0065495,0.027623,-0.019798,0.002793,-0.0031224,0.15239,-0.0094295,0.026478,0.058724,0.021877,-0.015354,0.0025503,-0.010427,0.081117,0.018165,0.0035146,-0.023353,-0.0059549,-0.0058792,0.018024,-0.015374,-0.010333,-0.013893,-0.015686,-0.0011556,-0.012792,-0.017554,-0.019842,-0.01074,-0.0063985,-0.022815,-0.0064406,-0.007657,-0.0075134,0.0091566,0.018974,-0.019596,-0.026143,-0.014525,0.036709,-0.019125,-0.01214
0.0015434,-0.017854,-0.023112,0.018598,0.022081,0.0049016,0.0067471,-0.046864,-0.0060188,-0.015722,-0.017647,-0.018005,0.00062762,0.034596,-0.00071426,0.028708,0.010599,0.0046632,-0.016154,0.026878,0.0027012,-0.010036,1,0.22029,-0.0038227,0.042956,0.016062,0.0037494,-0.015617,-0.0089159,-0.0025397,0.015261,-0.01089,0.049817,0.0011864,0.0015822,0.063995,-0.0032256,0.014233,0.042285,0.032176,0.026945,0.020777,-0.005173,-0.0058634,0.044863,-0.0084275,-0.0023972,-0.007227,2.6537e-05,0.022653,0.021356,0.044607,-0.010077,0.016102,-0.0011323,0.015584,0.019451,0.0063301,-0.0060485,-0.011387,0.11434,0.024377,-0.0096548,-0.014765,-0.0093887,-0.011473,0.0052462,-0.0092437,0.020631,-0.0040992,0.015872,-0.010299,0.053732,0.059357,-0.010721,0.020127,0.0026281,0.084631,0.076226
0.014174,-0.019361,-0.038082,-0.00031526,0.017793,-0.017006,0.022082,-0.037886,-0.0039585,0.02004,-0.027226,0.038776,-0.018098,-0.0040889,-0.0070588,0.012541,0.0058507,0.12278,0.0049374,0.09189,0.013158,-0.0075166,0.22029,1,-0.0030452,0.067405,0.023266,-0.0053598,0.012449,0.0019808,0.00063939,-0.0084856,9.4491e-05,-0.014444,0.0032723,-0.0092071,-0.0031893,0.005771,0.023245,0.06591,0.010854,-0.0044267,-0.0026475,0.0032786,-0.010348,-0.016082,0.00068776,-0.0044288,-0.01113,-0.008221,-0.0086594,-0.0096908,0.001398,-0.010924,-0.014382,-0.014144,-0.0098362,-4.3808e-06,-0.0077398,-0.0064798,-0.010539,-0.014252,-0.0095301,-0.013569,-0.0098132,-0.010691,-0.0094589,-0.0095802,0.002234,0.00032847,-0.0087126,-0.011258,-0.012359,0.037237,-0.011504,0.0068762,0.00048813,-0.016089,-0.017496,0.015208
-0.010613,-0.036976,0.036011,-0.043264,0.048794,-0.01479,-0.014501,-0.014589,-0.00042194,0.0027592,-0.025473,-0.0074788,0.037593,0.012773,0.0087165,0.0030469,-0.020107,0.022766,0.1121,0.012991,-0.025613,-0.017142,-0.0038227,-0.0030452,1,0.098681,-0.0082231,-0.0049658,0.12599,0.0075706,-0.0030753,-0.0055679,-0.0021389,0.010571,0.038743,-0.00093435,0.016515,0.026313,0.014151,0.0022755,0.01586,-0.0092385,0.045868,0.0091414,0.11952,0.0049564,-0.023149,-0.011984,0.027128,-0.0089821,-0.0034568,0.01541,0.018084,-0.017428,0.11404,-0.0016568,-0.0046213,0.058425,-0.008736,0.003072,-0.01281,0.062892,0.0012658,-0.0094859,-0.0011408,-0.0032296,-0.016141,-0.0037583,-0.018134,-0.00016024,-0.010001,0.0066511,-0.0084002,0.022207,-0.014943,-0.015329,-0.0070376,0.041967,-0.0088279,-0.0019401
0.011965,-0.02671,0.0085704,-0.027125,-0.020211,-0.011847,-0.011415,-0.033859,-0.02503,-0.013846,-0.0066628,0.014038,0.014161,0.019361,-0.0099979,-0.0025466,0.027755,0.029863,0.026921,0.030271,0.011405,0.0025453,0.042956,0.067405,0.098681,1,-0.0010291,0.021579,-0.012387,-0.010297,0.035323,-0.0057989,0.0033748,-0.0015759,0.010366,-0.0091274,0.010277,0.0065914,0.058372,0.0088068,-0.024469,0.010453,-0.013575,0.0063683,-0.006907,0.0056138,-0.005313,0.0033585,-0.007638,0.040831,-0.0054655,0.26708,0.00098346,-0.011189,-0.0073673,-0.012982,-0.0029037,-0.010379,0.055804,0.075309,-0.0075907,-0.0089952,0.1141,-0.012619,0.072812,-0.0071332,0.013043,-0.0037649,-0.0016934,-0.010213,0.00013452,0.010178,-0.011208,-0.0064322,-0.012311,-0.0090597,-0.0090263,0.0020291,-0.009514,0.017191
0.018456,-0.01205,-0.0079363,-0.026029,-0.049185,0.013116,-0.021794,-0.0032001,0.01166,0.0011636,0.040824,0.03912,0.066647,-0.015893,-0.010929,-0.015597,-0.0042285,9.803e-05,0.002116,-0.01191,0.041709,0.011131,0.016062,0.023266,-0.0082231,-0.0010291,1,-0.017082,0.0092259,0.0084301,-0.0072245,-0.0017868,-0.0090281,-0.020496,-0.0035371,-0.0056609,-0.012413,0.018414,-0.0097084,-0.01066,-0.024269,0.016883,-0.00020196,0.016197,-0.0077966,-0.0066229,0.0046898,0.0012717,-0.0069078,0.048004,-0.011302,-0.015782,0.0091673,-0.011394,-1.5401e-06,0.0098765,-0.0078633,-0.0083208,-0.0027015,0.0041071,0.0031287,-0.012164,-0.011115,-0.011412,0.046937,-0.010086,-0.014237,-0.0060891,0.023817,-0.001196,-0.0074556,-0.0022967,0.0040515,-0.0075923,-0.0073256,-0.00086541,-0.0091063,-0.0031498,-0.015813,-0.010097
0.0043188,0.010246,0.0051237,-0.027926,-0.0023046,-0.019169,0.029009,0.0005086,-0.047954,0.00029742,-0.04247,0.0026886,0.0072005,0.0051295,0.019245,-0.017471,0.022678,-0.0024762,0.022688,0.0032409,-0.02541,0.083604,0.0037494,-0.0053598,-0.0049658,0.021579,-0.017082,1,0.013814,0.018043,0.021352,-0.0084695,0.05233,-0.0023207,0.099599,0.0056448,0.0038753,0.013903,0.069677,0.15814,0.16016,0.0056651,0.0098766,0.059196,-0.0090088,0.020162,-0.02235,-0.012779,0.0014156,0.022364,0.0042714,0.21706,-0.015484,-0.010062,-0.015922,-0.0053819,0.0080028,-0.0074728,-0.0090185,0.036267,-0.0087366,0.024618,0.002761,0.015705,0.036559,-0.013333,-0.0062854,-0.012837,0.015295,0.0029577,-0.0080324,-0.012068,0.00018069,0.010177,-0.014515,-0.024852,-0.010081,0.0004671,-0.013779,-0.012651
-0.028191,-0.04112,-0.021786,-0.012495,0.10146,-0.025457,-0.029352,-0.00039259,-0.0040103,0.010206,-0.028167,-0.030574,0.013575,-0.0043227,0.0073985,0.0085603,-0.015314,0.021824,0.10609,-0.02495,-0.025527,-0.02959,-0.015617,0.012449,0.12599,-0.012387,0.0092259,0.013814,1,-0.0076324,0.098779,0.0031225,0.026464,0.063762,0.03599,-0.0042019,-0.012908,0.0041213,0.05188,0.023095,0.14878,0.011744,0.014203,-0.0048076,0.076503,-0.0026065,-0.0020789,-0.0074767,0.010146,0.0054232,-0.0084754,0.088077,0.047914,0.0077083,0.1377,0.001998,0.011277,0.011108,0.0026957,-0.004191,-0.015682,-0.00051838,-0.0060254,0.053287,-0.0051063,0.080487,-0.0073228,-0.0059491,0.00014764,-0.014067,-0.011578,-0.0053309,-0.0045353,0.040477,-0.016967,-0.019962,-0.012148,-0.0017292,-0.01765,-0.014091
-0.0067263,0.028353,-0.024077,-0.022631,-0.023329,-0.017708,-0.017174,-0.029165,0.018182,-0.021001,-0.0096065,-0.0031673,-0.01324,0.019756,-0.00058601,0.011435,-0.016703,0.038391,-0.013431,0.0076625,0.024014,0.12704,-0.0089159,0.0019808,0.0075706,-0.010297,0.0084301,0.018043,-0.0076324,1,0.24555,0.072023,0.021469,0.043836,0.0069567,-0.0092809,0.049706,-0.0059691,-0.010679,0.0060013,-0.0069856,-0.009159,-0.0052654,0.094039,-0.005204,-0.0073646,-0.010708,-0.011692,-0.010235,0.03493,-0.0042948,0.0023448,-0.010436,0.013141,-0.0098624,-0.0067924,-0.0084943,-0.015483,-0.0018498,-0.0081683,0.0027179,-0.006473,-0.0066433,-0.015979,0.015723,-0.0086844,0.032103,-0.014671,0.089846,0.00024453,-0.0072521,-0.0054737,-0.010601,-0.0072937,0.21297,0.16238,0.0023049,-0.01164,0.047825,-0.008502
-0.03378,-0.043148,-0.013632,-0.020285,-0.0095323,-0.0041346,-0.031341,-0.0080496,0.0079463,0.0020601,-0.0017465,-0.028661,0.02296,-0.0077053,0.027132,-0.0033082,0.0061265,0.02439,0.0066214,-0.0076005,-0.00073275,0.092437,-0.0025397,0.00063939,-0.0030753,0.035323,-0.0072245,0.021352,0.098779,0.24555,1,0.0035486,0.0034414,-0.0024138,0.021144,-0.0013042,0.074384,-0.0093997,0.0042996,0.079366,0.0053661,0.17897,0.023094,0.0098162,0.0064363,-0.012205,0.088351,-0.0051583,-0.0031917,0.025905,-0.0021678,0.0075386,-0.0086854,0.017571,-0.0083761,-0.012227,-0.0047364,0.0013181,0.0087762,0.017253,-0.0069204,-0.00057519,0.012654,-0.0056218,-0.010079,0.089069,0.033908,-0.00058563,-0.010851,-0.01189,-0.0040137,-0.0018955,0.024795,-0.0004268,-0.011743,-0.009349,0.031859,0.15263,0.095389,0.031298
0.010021,0.027983,-0.0087034,-0.017111,-0.0039139,-0.017672,-0.034916,-0.019901,0.038576,-0.0080913,0.020714,0.0024422,-0.0036713,0.034767,-0.016325,0.068608,0.064851,0.037444,0.054067,-0.017912,0.019495,0.071273,0.015261,-0.0084856,-0.0055679,-0.0057989,-0.0017868,-0.0084695,0.0031225,0.072023,0.0035486,1,-0.0016775,0.1254,-0.0020808,-0.0083988,-0.024371,0.033154,-0.01865,-0.011729,0.010707,0.036205,0.013366,-0.0086788,4.5778e-05,0.035461,0.058329,-0.0084494,-0.0093027,-0.018872,0.00079013,-0.020056,0.038405,4.4681e-05,0.014942,-0.0090032,0.045535,-0.020285,-0.0073421,-0.0076564,-0.00090299,0.01366,0.0037801,0.0064123,-0.00016736,0.060847,-0.0039289,-0.004895,-0.0087412,0.017782,-0.0086733,-0.011321,0.022031,0.032069,-0.014171,0.0096788,-0.0089271,-0.015917,0.047023,-0.022425
0.0090294,0.013294,-0.032772,-0.0020651,0.0087513,-0.0082522,-0.012625,0.0098585,-0.032747,-0.013688,0.012503,0.0062342,0.054092,-0.011173,-0.01263,0.063836,-0.005512,0.0049742,0.0078023,-0.023637,0.0026687,-0.015945,-0.01089,9.4491e-05,-0.0021389,0.0033748,-0.0090281,0.05233,0.026464,0.021469,0.0034414,-0.0016775,1,-0.015049,0.010718,-0.0041128,0.0041811,0.09012,0.025351,0.025785,0.060579,0.010856,0.0051434,0.011651,0.049253,0.0013535,-0.006658,-0.0047719,0.0015617,-0.013986,-0.0023675,-0.0049178,0.0061167,-0.0092977,-0.011742,-0.010055,-0.0016647,0.00017394,-0.005722,-0.0014141,0.09763,0.0068266,-0.0082361,-0.011577,0.14924,-0.003531,-0.0038147,-0.011113,-0.0050935,0.0090566,-0.0093479,0.10144,0.018361,-0.012845,-0.0050586,-0.0075314,-0.0077249,-0.0053305,-0.008386,-0.012016
0.010896,0.0092303,-0.060479,-0.043843,-0.049422,-0.020824,-0.02288,-0.012732,-0.022904,-4.5728e-05,-0.01043,-0.047397,0.044913,0.092487,-0.012634,0.060673,-0.013237,0.022537,0.057115,-0.00098596,-0.024698,0.010033,0.049817,-0.014444,0.010571,-0.0015759,-0.020496,-0.0023207,0.063762,0.043836,-0.0024138,0.1254,-0.015049,1,-0.0055875,0.00077908,-0.010635,-0.010151,0.010715,-0.0038096,0.031743,-0.015619,0.020381,-0.0059898,-0.0080865,0.028398,0.016939,0.11934,-0.016472,-0.0046613,0.0065233,0.00044412,0.053935,0.00087383,0.01424,-0.011229,-0.0080724,0.0322,0.008124,-0.0028597,-0.015904,-0.010436,0.0056554,-0.012536,-0.020039,0.056068,0.00404,-0.0013053,0.016072,0.17839,-0.0041687,-0.012311,-0.010663,0.19173,-0.007473,0.095527,0.0040414,0.05993,0.037257,-0.0086766
0.0047304,0.00063348,0.0022843,-0.037693,-0.021963,-0.013943,0.032763,-0.023651,-0.033667,0.0020956,-0.013013,0.070559,0.0034782,0.023776,0.055423,0.013234,0.0012692,0.035766,-0.015483,0.019935,0.023355,-0.017651,0.0011864,0.0032723,0.038743,0.010366,-0.0035371,0.099599,0.03599,0.0069567,0.021144,-0.0020808,0.010718,-0.0055875,1,0.0044249,0.059243,0.0051658,0.02036,0.081312,0.092879,-0.0066672,0.00096038,0.21216,0.0095565,-0.018314,-0.020703,0.0025774,0.012945,0.040813,-0.01056,0.15561,-0.011859,-0.017613,-0.012505,-0.015872,-0.010227,0.017503,0.011012,-0.0084478,-0.01516,0.035173,-0.0075774,-0.0095749,-0.0047751,-0.010961,0.053965,-0.010011,-0.020189,0.010127,-0.0082467,0.0025831,0.0070538,0.012571,0.0075263,0.002101,-0.01007,0.0066026,-0.0153,-0.010344
0.070882,-0.022691,-0.035012,-0.039303,-0.024942,-0.0086817,-0.0066079,-0.019425,-0.0095394,-0.013863,-0.023729,-0.02577,-0.018559,0.015527,0.0010326,0.011603,-0.010337,-0.0012246,0.015605,0.035472,0.023911,-0.01119,0.0015822,-0.0092071,-0.00093435,-0.0091274,-0.0056609,0.0056448,-0.0042019,-0.0092809,-0.0013042,-0.0083988,-0.0041128,0.00077908,0.0044249,1,0.0056646,0.054955,-0.0089233,0.00379,-0.0070163,-0.007219,0.074528,-0.0019982,-0.0044351,-0.010169,-0.0073967,-0.0062925,-0.0022112,-0.0042778,0.0039579,-0.00044366,-0.0042734,0.0045779,-0.0065396,-0.0067239,-0.0046725,0.0072812,-0.010633,0.0016759,-0.0056275,-0.0011527,-0.0037397,0.00096341,0.02936,-0.0067467,0.029102,0.00024131,-0.0063574,0.057865,-0.0060057,-0.00014322,0.0038123,-0.0018638,0.040646,0.01632,-0.0041541,0.015874,-0.0091115,0.018851
0.0087419,0.013603,-0.0037363,-0.015743,-0.013159,-0.018068,-0.029307,-0.053715,-0.027529,-0.0084249,-0.00011317,0.0034653,0.029223,0.0036812,0.01238,-0.026896,-0.019341,-0.021653,-0.02209,0.003419,0.003052,0.031826,0.063995,-0.0031893,0.016515,0.010277,-0.012413,0.0038753,-0.012908,0.049706,0.074384,-0.024371,0.0041811,-0.010635,0.059243,0.0056646,1,0.12098,0.0079201,0.078361,0.089689,0.074999,0.095872,-0.0071313,-0.017581,0.056267,0.031571,-0.00061958,0.040902,0.011312,-0.008962,0.018696,0.0025137,-0.017009,0.010846,-0.017055,-0.0059611,0.057464,0.15409,-0.011443,-0.0085606,0.048073,-0.0094461,-0.015304,-0.0089632,-0.0038553,-0.014239,-0.012084,-0.01859,-0.007118,-0.014547,-0.0086236,-0.012656,-0.01207,-0.0089872,-0.025918,0.0067793,0.020502,0.011307,-0.0080938
-0.017841,-0.049331,-0.036216,-0.024953,-0.026619,-0.019217,-0.037288,-0.022207,-0.030592,-0.018926,0.0067121,0.072076,-0.0096603,0.036318,-0.010765,0.057353,-0.0020659,-0.0067933,0.029733,-0.0072918,-0.018224,0.062167,-0.0032256,0.005771,0.026313,0.0065914,0.018414,0.013903,0.0041213,-0.0059691,-0.0093997,0.033154,0.09012,-0.010151,0.0051658,0.054955,0.12098,1,0.036151,0.08597,0.034316,0.020107,0.087563,0.00048918,0.30835,0.0021259,0.0050917,-0.0017513,-0.00977,-0.0071929,0.0025806,-0.0077258,-0.016953,0.16481,0.0073842,0.27656,0.0058874,0.019399,0.0067833,-0.0058066,0.058143,-0.003383,-0.013482,0.0022534,-0.010149,-0.011533,0.088291,-0.0088334,-0.011252,0.0066032,0.28605,0.13531,-0.0020349,0.031308,-0.013912,0.037555,-0.0068877,0.07708,-0.00068354,-0.013685
0.021424,0.0039907,0.00066486,-0.0023176,-0.0018804,-0.065819,-0.036576,0.035585,0.053213,-0.0059276,0.025545,-0.028074,0.20049,0.0075632,-0.013582,-0.021026,-0.01505,-0.024277,0.066265,-0.024482,-0.021379,0.0065495,0.014233,0.023245,0.014151,0.058372,-0.0097084,0.069677,0.05188,-0.010679,0.0042996,-0.01865,0.025351,0.010715,0.02036,-0.0089233,0.0079201,0.036151,1,0.1216,0.29456,-0.025513,0.010286,0.022556,0.013568,-0.034048,-0.017678,-0.018495,0.00213,0.040814,0.0081035,0.11281,-0.023687,0.021607,-0.0035083,0.0001223,-0.02247,-0.011254,0.016372,-0.0012283,-0.01104,0.013125,0.076088,-0.0082532,0.013818,-0.034824,0.025933,-0.016703,0.02325,-0.01567,-0.029527,0.0080093,4.9618e-05,0.0017897,-0.020208,-0.028662,-0.026457,-0.0024686,-0.0085504,-0.019416
0.010506,-0.019475,-0.026078,-0.07808,0.030712,-0.028739,-0.0037475,-0.051992,-0.033018,0.01457,-0.017973,-0.0028263,-0.034579,-0.006486,-0.011526,0.0095585,-0.023827,0.002659,0.023013,0.06531,-0.0096047,0.027623,0.042285,0.06591,0.0022755,0.0088068,-0.01066,0.15814,0.023095,0.0060013,0.079366,-0.011729,0.025785,-0.0038096,0.081312,0.00379,0.078361,0.08597,0.1216,1,0.18108,0.033038,0.025877,0.037808,-0.010962,-0.0042463,-0.0063645,0.1079,-0.0089596,0.061085,-0.01296,0.10025,-0.0094297,0.0072855,-0.012232,0.0068142,-0.0088944,0.00048669,0.00092236,-0.00027047,0.10877,-0.0022694,0.12309,-0.0070746,-0.0033193,-0.018263,-0.010191,-0.014778,-0.021093,-0.0019255,-0.006917,-0.014883,0.027137,0.0074512,-0.02378,-0.020307,-0.0020699,0.036968,0.028274,-0.0021424
0.0084068,-0.011251,-0.033811,-0.058157,0.0040834,-0.040912,-0.013237,-0.017212,0.024592,-0.015163,-0.00061057,-0.015641,0.11377,-0.00051112,-0.015814,-0.014726,-0.014459,-0.024035,0.0054596,-0.043089,-0.0093871,-0.019798,0.032176,0.010854,0.01586,-0.024469,-0.024269,0.16016,0.14878,-0.0069856,0.0053661,0.010707,0.060579,0.031743,0.092879,-0.0070163,0.089689,0.034316,0.29456,0.18108,1,-0.010355,0.071328,0.083805,-0.0076987,-0.015097,-0.020743,0.0040198,0.041927,0.036177,-1.8596e-05,0.1769,-0.014828,-0.0069836,-0.012263,0.017754,-0.020684,0.025639,0.087687,-0.0077106,0.10519,-0.012705,0.020196,0.017376,-0.0071245,-0.030686,0.0080819,0.013317,-0.0061876,-0.0029272,-0.015788,-0.0043142,0.024783,-0.016055,-0.012654,0.0026307,-0.0034949,-0.009955,-0.020303,-0.027868
0.0019581,0.032102,0.019248,-0.013812,0.0097137,-0.0097985,-0.026262,-0.036281,-0.032394,-0.027742,0.01444,-0.010032,-0.032525,0.0024503,-0.0053462,0.0082363,-0.00085756,-0.0080629,0.033909,0.016854,-0.01523,0.002793,0.026945,-0.0044267,-0.0092385,0.010453,0.016883,0.0056651,0.011744,-0.009159,0.17897,0.036205,0.010856,-0.015619,-0.0066672,-0.007219,0.074999,0.020107,-0.025513,0.033038,-0.010355,1,0.0034335,0.011702,0.0084977,0.0022129,0.037827,-0.0071909,-0.0012186,-0.0016556,-0.0040893,0.0029324,0.021046,-0.0042084,-0.0064991,-0.0096725,0.012182,0.0029781,0.016701,-0.0074025,0.0054797,0.01272,0.001865,0.02943,-0.0096548,-0.0079064,-0.0053462,0.0039275,-0.008039,0.010487,-0.0081774,-0.0049503,-0.0017691,0.045025,0.32182,-0.012568,0.010396,0.065311,0.05074,-0.012291
0.01621,0.0069497,0.016271,-0.010195,0.016807,-0.020671,-0.023492,0.0030532,-0.0055246,-0.0028716,-0.019497,-0.00058911,0.015391,0.0095732,0.0084709,0.030188,-0.012589,-0.0037332,0.012297,0.017648,0.011985,-0.0031224,0.020777,-0.0026475,0.045868,-0.013575,-0.00020196,0.0098766,0.014203,-0.0052654,0.023094,0.013366,0.0051434,0.020381,0.00096038,0.074528,0.095872,0.087563,0.010286,0.025877,0.071328,0.0034335,1,0.011098,-0.0029386,0.030982,0.04136,-0.010399,0.10516,0.011553,0.015777,0.018999,0.063883,9.1487e-05,0.040943,0.036676,-0.00024197,0.21067,-0.00048002,0.006401,-0.0024487,0.054786,-0.011375,-0.0060455,-0.015831,-0.013139,0.067225,0.0021863,-0.0078572,-0.004079,-0.0057478,-0.011844,0.0075266,0.029059,-0.0060531,-0.0089762,-0.0069575,0.052261,-0.020605,-0.017686
-0.033274,-0.025022,-0.028691,-0.037223,-0.022928,-0.013096,0.034203,-0.02116,0.012852,-0.021459,-0.0013504,0.014288,-0.03007,-0.0049162,0.17263,0.0023059,-0.0078535,0.009673,-0.0059821,-0.0081279,-0.015243,0.15239,-0.005173,0.0032786,0.0091414,0.0063683,0.016197,0.059196,-0.0048076,0.094039,0.0098162,-0.0086788,0.011651,-0.0059898,0.21216,-0.0019982,-0.0071313,0.00048918,0.022556,0.037808,0.083805,0.011702,0.011098,1,0.0056574,-0.0036607,0.023478,-0.0012756,0.0099327,0.0034436,-0.0040633,0.056766,-0.013293,0.0044707,-0.009476,0.018967,-0.0057023,0.02017,-0.014684,-0.0049104,-0.0084339,0.0079043,-0.0044289,-0.011635,0.01386,-0.0096898,-0.0029743,0.00078307,0.09871,-0.0068541,-0.0062977,0.0052385,0.0058856,-0.0015056,-0.0039156,-0.008739,-0.0040752,0.011932,0.093758,0.0087492
-0.030679,-0.036283,-0.015992,-0.023626,0.020002,-0.0085501,-0.039325,-0.025475,-0.038588,-0.027046,0.011967,0.062166,0.02976,-0.00038825,0.019862,0.0043668,-0.0099024,-0.017782,0.085476,-0.019619,-0.013792,-0.0094295,-0.0058634,-0.010348,0.11952,-0.006907,-0.0077966,-0.0090088,0.076503,-0.005204,0.0064363,4.5778e-05,0.049253,-0.0080865,0.0095565,-0.0044351,-0.017581,0.30835,0.013568,-0.010962,-0.0076987,0.0084977,-0.0029386,0.0056574,1,-0.010807,0.017289,-0.0076821,-0.0060516,-0.007588,-0.0036247,0.072874,0.065854,-5.5599e-05,0.0093504,0.35415,-0.0090718,-0.0072795,-0.0096738,-0.00052808,-0.0080055,0.0067817,-0.011456,0.098101,-0.011287,-0.0047521,0.060518,-0.010445,-0.002882,0.0166,0.35519,-0.0072541,0.029499,-0.00089674,-0.011046,-0.0021904,-0.0066713,-0.0082389,-0.009171,0.003263
0.0028981,0.067581,-0.010513,-0.047861,-0.023257,-0.016822,-0.042064,0.013144,-0.012951,0.0032358,0.01904,-0.031181,0.034075,-0.0087455,-0.01402,-0.0053964,-0.017277,-0.01033,0.0081916,0.00050379,-0.0095085,0.026478,0.044863,-0.016082,0.0049564,0.0056138,-0.0066229,0.020162,-0.0026065,-0.0073646,-0.012205,0.035461,0.0013535,0.028398,-0.018314,-0.010169,0.056267,0.0021259,-0.034048,-0.0042463,-0.015097,0.0022129,0.030982,-0.0036607,-0.010807,1,0.18687,-0.012244,-0.012192,0.0068985,0.0031081,0.027501,0.005053,-0.002345,0.021621,-0.012447,0.0030378,0.061776,-0.015293,-0.0093274,-0.0093354,0.060879,-0.010231,-0.00030387,-0.017662,-0.011802,-0.015592,0.030001,-0.014527,-0.011231,-0.008582,-0.010373,-0.0073683,-0.011013,-0.014066,-0.015064,-0.0068348,0.14918,-0.01768,-0.0063742
-0.0054602,-0.0061356,-0.043947,-0.040134,-0.02244,-0.013213,-0.0029495,0.0016508,-0.011349,-0.019485,0.093905,0.037236,-0.00073879,0.021059,-0.0087101,0.036086,0.018727,-0.0052322,-0.0081796,-0.012116,0.0010945,0.058724,-0.0084275,0.00068776,-0.023149,-0.005313,0.0046898,-0.02235,-0.0020789,-0.010708,0.088351,0.058329,-0.006658,0.016939,-0.020703,-0.0073967,0.031571,0.0050917,-0.017678,-0.0063645,-0.020743,0.037827,0.04136,0.023478,0.017289,0.18687,1,-0.014719,0.14737,0.01473,-0.001405,-0.005063,0.015063,0.080779,-0.015938,-0.01214,0.03026,-0.0077131,-0.011687,-0.010797,-0.0031187,0.0038596,-0.0067679,-0.014834,0.013965,-0.013717,-0.014436,-0.014994,-0.0032224,-0.006757,-0.0094239,-0.009528,-0.0065852,0.011573,-0.01494,0.10955,0.0011404,0.017161,0.002383,-0.01721
0.033495,0.011243,-0.026142,-0.034517,-0.0067736,-0.011594,-0.040296,-0.03212,-0.010064,-0.0010871,-0.010235,-0.015267,-0.033503,0.014076,0.008849,-0.017095,0.018729,-0.011147,-0.019361,0.0097839,-0.0052399,0.021877,-0.0023972,-0.0044288,-0.011984,0.0033585,0.0012717,-0.012779,-0.0074767,-0.011692,-0.0051583,-0.0084494,-0.0047719,0.11934,0.0025774,-0.0062925,-0.00061958,-0.0017513,-0.018495,0.1079,0.0040198,-0.0071909,-0.010399,-0.0012756,-0.0076821,-0.012244,-0.014719,1,0.00052412,-0.0091009,-0.0057574,-0.013855,-0.015163,-0.011902,0.020556,-0.010121,-0.0061883,-0.013914,-0.013465,-0.0051769,0.22491,0.013351,-0.0052352,-0.010488,-0.0088109,-0.0080715,-0.008917,-0.010758,-0.01035,0.31954,0.0013318,-0.0090494,0.025941,0.00088194,-0.007761,0.15921,-0.0069916,-0.0058552,-0.0071393,0.0039106
-0.014752,-0.04774,0.048568,-0.041005,-0.03299,-0.018284,-0.003829,-0.030104,-0.040236,-0.013567,0.06437,0.049916,-0.018509,-0.018689,-0.0073692,-0.013672,-0.0066395,-0.014365,0.0020542,-0.013189,-0.017551,-0.015354,-0.007227,-0.01113,0.027128,-0.007638,-0.0069078,0.0014156,0.010146,-0.010235,-0.0031917,-0.0093027,0.0015617,-0.016472,0.012945,-0.0022112,0.040902,-0.00977,0.00213,-0.0089596,0.041927,-0.0012186,0.10516,0.0099327,-0.0060516,-0.012192,0.14737,0.00052412,1,0.0045165,-0.0039152,-0.0039769,-0.0045246,-0.011224,-0.0045964,-0.0052832,-0.0058851,0.09481,0.02496,-0.0020834,-0.0064142,-0.00099198,-0.0027015,-0.011238,0.0050691,-0.0033544,0.0034722,0.3415,0.41539,-0.0093956,-0.0048761,-0.002441,-3.7168e-05,-0.0076748,-0.010052,-0.0077433,-0.0067539,0.00056463,0.014194,-0.0072123
-0.0077878,0.017252,0.0012039,-0.0077627,0.0097097,0.0060857,-0.0143,-0.010915,0.015481,-0.016952,-0.022918,-0.0029214,-0.0038592,0.012054,-0.0051361,0.0029537,0.0084085,0.039404,-0.020059,-0.0013881,-0.019869,0.0025503,2.6537e-05,-0.008221,-0.0089821,0.040831,0.048004,0.022364,0.0054232,0.03493,0.025905,-0.018872,-0.013986,-0.0046613,0.040813,-0.0042778,0.011312,-0.0071929,0.040814,0.061085,0.036177,-0.0016556,0.011553,0.0034436,-0.007588,0.0068985,0.01473,-0.0091009,0.0045165,1,0.0022916,0.039477,0.022376,0.03599,0.016434,-0.0068602,0.019655,-0.0042027,-0.0094442,0.097928,-0.0049645,-0.0014207,-0.011928,-0.012401,0.11983,-0.0078097,0.067442,-0.0056092,0.038551,-0.0047657,-0.0092402,-0.0045874,0.14896,-0.007109,-0.013912,-0.004299,0.0035858,-0.009245,-0.0027671,0.0058776
-0.0094418,-0.015972,-0.026627,-0.031619,0.028813,-0.0096317,0.040891,0.028855,-0.0071156,-0.01364,0.0025143,0.047322,0.031544,-0.0075505,0.012145,-0.012578,0.023083,-0.0073945,0.11077,-0.0062716,-0.0099091,-0.010427,0.022653,-0.0086594,-0.0034568,-0.0054655,-0.011302,0.0042714,-0.0084754,-0.0042948,-0.0021678,0.00079013,-0.0023675,0.0065233,-0.01056,0.0039579,-0.008962,0.0025806,0.0081035,-0.01296,-1.8596e-05,-0.0040893,0.015777,-0.0040633,-0.0036247,0.0031081,-0.001405,-0.0057574,-0.0039152,0.0022916,1,-0.0046225,-0.010557,0.03687,-0.0053426,-0.0072903,0.0036143,-0.0064325,-0.0057237,0.000954,-0.0047441,0.00010248,-0.0034271,0.0031837,0.032715,-0.007462,0.0022936,-0.0075767,0.12654,0.0027787,0.18363,-0.0056861,0.0016789,-0.0025651,0.009155,-0.0089122,-0.0064168,-0.0086098,-0.0099932,-0.010979
-0.020772,-0.067747,-0.036445,0.00016011,-0.023842,-0.026989,-0.012942,0.041354,-0.047032,-0.01212,-0.032389,-0.026937,0.0092881,0.027007,-0.0066628,-0.0089198,-0.0043649,-0.012967,0.0053756,0.14396,-0.0061494,0.081117,0.021356,-0.0096908,0.01541,0.26708,-0.015782,0.21706,0.088077,0.0023448,0.0075386,-0.020056,-0.0049178,0.00044412,0.15561,-0.00044366,0.018696,-0.0077258,0.11281,0.10025,0.1769,0.0029324,0.018999,0.056766,0.072874,0.027501,-0.005063,-0.013855,-0.0039769,0.039477,-0.0046225,1,0.043343,-0.0027189,0.0048599,0.0023545,-0.0017472,-0.0080898,-0.0076694,-0.0086824,-0.0067976,0.042388,-0.01069,0.068932,-0.014214,-0.012098,0.0066314,-0.014214,-0.0044571,-0.0046185,0.23782,-0.011291,0.0024401,-0.0071172,-0.017844,-0.015625,-0.0047395,-0.0050989,-0.014847,-0.011733
0.0099,-0.019118,-0.044053,-0.041964,-0.041812,0.003899,-0.01489,0.033944,0.065451,-0.016332,-0.004819,0.042665,0.018297,-0.010543,-0.0054275,0.060591,0.022495,-0.0064787,0.024165,-0.003569,-0.013685,0.018165,0.044607,0.001398,0.018084,0.00098346,0.0091673,-0.015484,0.047914,-0.010436,-0.0086854,0.038405,0.0061167,0.053935,-0.011859,-0.0042734,0.0025137,-0.016953,-0.023687,-0.0094297,-0.014828,0.021046,0.063883,-0.013293,0.065854,0.005053,0.015063,-0.015163,-0.0045246,0.022376,-0.010557,0.043343,1,-0.0028868,0.0066943,0.040554,0.00071367,-0.015581,0.023936,-0.0081622,-0.0032364,0.022395,0.035456,0.061496,0.0043589,-0.012478,-0.0098405,-0.0090027,-0.016828,-0.0038944,-0.0072287,-0.0094581,-0.016827,0.098573,-0.011711,-0.015821,-0.0066608,0.014035,-0.020005,2.806e-05
-0.00096915,0.012264,0.010598,-0.002374,-0.0083064,-0.0079155,-0.0099582,-0.034087,-0.011999,-0.00083538,0.033687,0.01044,-0.015564,-0.005369,0.0061579,-0.0082364,-0.004746,-0.0046009,0.097969,-0.0028338,0.0094976,0.0035146,-0.010077,-0.010924,-0.017428,-0.011189,-0.011394,-0.010062,0.0077083,0.013141,0.017571,4.4681e-05,-0.0092977,0.00087383,-0.017613,0.0045779,-0.017009,0.16481,0.021607,0.0072855,-0.0069836,-0.0042084,9.1487e-05,0.0044707,-5.5599e-05,-0.002345,0.080779,-0.011902,-0.011224,0.03599,0.03687,-0.0027189,-0.0028868,1,-0.006938,-0.0046229,-0.0017226,-0.0032608,-0.0052328,-0.0066766,-0.006744,0.0046036,-0.0046377,0.0057559,0.024026,-0.0089605,0.09139,-0.0042083,-0.0097865,0.002628,-0.0014293,0.30603,-0.010627,-0.0095336,0.012148,0.10807,0.019946,0.18397,-0.017375,-0.0030712
-0.038589,-0.023381,-0.031018,-0.055629,0.041899,-0.0096207,0.10173,-0.043267,-0.02752,-0.034374,-0.020512,-0.032849,-0.025282,-0.0062539,-0.0044174,-0.023341,-0.01716,0.015989,0.040135,0.03221,-0.01072,-0.023353,0.016102,-0.014382,0.11404,-0.0073673,-1.5401e-06,-0.015922,0.1377,-0.0098624,-0.0083761,0.014942,-0.011742,0.01424,-0.012505,-0.0065396,0.010846,0.0073842,-0.0035083,-0.012232,-0.012263,-0.0064991,0.040943,-0.009476,0.0093504,0.021621,-0.015938,0.020556,-0.0045964,0.016434,-0.0053426,0.0048599,0.0066943,-0.006938,1,0.048144,0.52309,0.028806,0.019031,0.0060587,-0.0087993,0.040755,-0.0083128,0.00018091,-0.012777,0.067037,-0.014227,0.0069295,0.030206,-0.012209,0.0066131,-0.0080329,-0.011249,0.00022255,-0.010119,0.02143,-0.004016,-0.0098134,0.061091,-0.0024147
-0.015255,-0.014106,-0.010922,-0.017073,-0.034926,-0.010621,-0.013818,-0.022169,0.018283,-0.028818,-0.031421,0.04406,0.014073,-0.019355,-0.020141,-0.012997,-0.010519,-0.016611,0.025579,-0.017335,-0.01602,-0.0059549,-0.0011323,-0.014144,-0.0016568,-0.012982,0.0098765,-0.0053819,0.001998,-0.0067924,-0.012227,-0.0090032,-0.010055,-0.011229,-0.015872,-0.0067239,-0.017055,0.27656,0.0001223,0.0068142,0.017754,-0.0096725,0.036676,0.018967,0.35415,-0.012447,-0.01214,-0.010121,-0.0052832,-0.0068602,-0.0072903,0.0023545,0.040554,-0.0046229,0.048144,1,0.018344,-0.0098567,-0.0080501,-0.0065501,0.089229,-0.010871,0.10228,-0.0056772,0.0030799,-0.0089524,-0.011504,0.049816,-0.0012448,-0.0055304,0.34186,-0.0055014,-0.011854,-0.0029342,-0.0060587,-0.0062055,-0.0074749,0.00047299,-0.012762,-0.007571
-0.033512,0.0011521,-0.0046461,-0.035811,-0.022453,-0.014298,0.099851,-0.040825,-0.00012817,-0.0081143,-0.015403,-0.025006,-0.025085,-0.0078369,-0.0073069,0.0038222,0.041535,-0.0041122,0.07868,0.00047828,-0.013051,-0.0058792,0.015584,-0.0098362,-0.0046213,-0.0029037,-0.0078633,0.0080028,0.011277,-0.0084943,-0.0047364,0.045535,-0.0016647,-0.0080724,-0.010227,-0.0046725,-0.0059611,0.0058874,-0.02247,-0.0088944,-0.020684,0.012182,-0.00024197,-0.0057023,-0.0090718,0.0030378,0.03026,-0.0061883,-0.0058851,0.019655,0.0036143,-0.0017472,0.00071367,-0.0017226,0.52309,0.018344,1,0.011957,0.0081384,0.0004454,0.0059607,0.036634,-0.0016284,0.02067,-0.0085167,-0.0065927,-0.0059895,-0.0017683,-0.0071898,0.0060969,0.013614,-0.0029966,-0.0089341,0.031607,-0.0042151,-0.010277,-0.0042569,-0.0089573,-0.0030175,-0.0013857
-0.015771,-0.012072,0.0035323,0.032693,-0.0028435,-0.00049083,-0.0095192,-0.029846,-0.039043,-0.010689,0.002818,0.0041373,0.023595,-0.0046709,-0.004841,0.0065956,-0.0079962,0.0081933,0.019253,0.00059479,-0.0030057,0.018024,0.019451,-4.3808e-06,0.058425,-0.010379,-0.0083208,-0.0074728,0.011108,-0.015483,0.0013181,-0.020285,0.00017394,0.0322,0.017503,0.0072812,0.057464,0.019399,-0.011254,0.00048669,0.025639,0.0029781,0.21067,0.02017,-0.0072795,0.061776,-0.0077131,-0.013914,0.09481,-0.0042027,-0.0064325,-0.0080898,-0.015581,-0.0032608,0.028806,-0.0098567,0.011957,1,0.011195,0.0068873,-0.007608,0.076972,-0.0032727,0.0049566,0.022835,0.0441,-0.0078836,0.043507,0.0099779,-0.0087729,-0.0022235,0.026988,0.018777,0.040659,-0.0106,-0.010281,-0.0084644,0.16121,0.30835,0.0038953
0.019709,-0.028459,-0.0067164,-0.015559,-0.0083602,-0.0016075,-0.012407,-0.010535,0.062009,-0.0034201,-0.017038,0.018617,0.078015,-0.021351,-0.0087052,-0.018515,0.0054049,-0.017729,0.0058062,-0.0095763,-0.016852,-0.015374,0.0063301,-0.0077398,-0.008736,0.055804,-0.0027015,-0.0090185,0.0026957,-0.0018498,0.0087762,-0.0073421,-0.005722,0.008124,0.011012,-0.010633,0.15409,0.0067833,0.016372,0.00092236,0.087687,0.016701,-0.00048002,-0.014684,-0.0096738,-0.015293,-0.011687,-0.013465,0.02496,-0.0094442,-0.0057237,-0.0076694,0.023936,-0.0052328,0.019031,-0.0080501,0.0081384,0.011195,1,-0.0062788,-0.014634,0.044513,-0.013955,0.0032665,0.025241,-0.0013654,-0.0088723,0.0064761,0.0057125,0.01865,0.011519,0.012886,-0.0011871,-0.0068237,-0.014645,-0.014065,-0.012135,-0.020936,-0.0107,-0.017449
-0.028697,-0.022058,0.067884,-0.01674,-0.0075011,0.00063631,-0.021375,0.061724,-0.0415,0.20627,-0.0084209,0.00045823,-0.037341,-0.01368,0.00097685,-0.0082467,-0.013201,0.0092244,-0.0074795,0.026007,0.0092196,-0.010333,-0.0060485,-0.0064798,0.003072,0.075309,0.0041071,0.036267,-0.004191,-0.0081683,0.017253,-0.0076564,-0.0014141,-0.0028597,-0.0084478,0.0016759,-0.011443,-0.0058066,-0.0012283,-0.00027047,-0.0077106,-0.0074025,0.006401,-0.0049104,-0.00052808,-0.0093274,-0.010797,-0.0051769,-0.0020834,0.097928,0.000954,-0.0086824,-0.0081622,-0.0066766,0.0060587,-0.0065501,0.0004454,0.0068873,-0.0062788,1,-0.004438,-0.0058837,-0.0060153,-0.0043634,0.10455,-0.0045819,-0.0060397,-0.007554,-0.0032623,0.0027342,-0.0053694,-0.0042927,0.060103,0.01463,-0.0058962,-0.0069553,-0.0028047,-0.0010178,-0.007228,-0.0063978
-0.013307,-0.046272,-0.054588,-0.041859,0.052758,0.021241,-0.05197,-0.027151,0.02264,-0.027386,-0.033141,0.050882,0.054095,-0.020192,-0.018191,-0.0048856,-0.0034799,-0.017769,-0.0095121,-0.0068991,-0.014021,-0.013893,-0.011387,-0.010539,-0.01281,-0.0075907,0.0031287,-0.0087366,-0.015682,0.0027179,-0.0069204,-0.00090299,0.09763,-0.015904,-0.01516,-0.0056275,-0.0085606,0.058143,-0.01104,0.10877,0.10519,0.0054797,-0.0024487,-0.0084339,-0.0080055,-0.0093354,-0.0031187,0.22491,-0.0064142,-0.0049645,-0.0047441,-0.0067976,-0.0032364,-0.006744,-0.0087993,0.089229,0.0059607,-0.007608,-0.014634,-0.004438,1,-0.00072161,0.097976,0.0060287,-0.0053144,-0.0077322,0.015506,0.042873,-0.004796,0.0045554,-0.0075094,-0.0034287,-0.0074638,0.024083,-0.0088063,-0.011818,-0.0066874,0.00064567,-0.012992,-0.010936
-0.0014246,-0.017976,-0.001756,-0.0072819,-0.018558,-0.01251,0.010578,-0.0072827,0.015936,0.019197,0.00089715,0.037299,0.042176,0.012576,0.018954,0.025076,-0.0011524,0.0015375,-0.0086793,0.053049,-0.00030865,-0.015686,0.11434,-0.014252,0.062892,-0.0089952,-0.012164,0.024618,-0.00051838,-0.006473,-0.00057519,0.01366,0.0068266,-0.010436,0.035173,-0.0011527,0.048073,-0.003383,0.013125,-0.0022694,-0.012705,0.01272,0.054786,0.0079043,0.0067817,0.060879,0.0038596,0.013351,-0.00099198,-0.0014207,0.00010248,0.042388,0.022395,0.0046036,0.040755,-0.010871,0.036634,0.076972,0.044513,-0.0058837,-0.00072161,1,0.018588,-0.012879,0.010914,-0.0069892,-0.0082519,0.015339,0.046895,-0.0084416,-0.0060057,0.038394,0.0082091,0.028154,0.0016629,-0.0094511,-0.0008097,0.0017378,0.020206,0.016509
-0.0032689,-0.0044151,0.01563,-0.030934,-0.021249,-0.0088022,-0.034643,-0.026215,-0.0073933,-0.027218,0.035401,-0.015769,0.02417,0.014284,-0.0051073,-0.012584,-0.0069029,-0.0081574,0.036872,-0.0072997,-0.014802,-0.0011556,0.024377,-0.0095301,0.0012658,0.1141,-0.011115,0.002761,-0.0060254,-0.0066433,0.012654,0.0037801,-0.0082361,0.0056554,-0.0075774,-0.0037397,-0.0094461,-0.013482,0.076088,0.12309,0.020196,0.001865,-0.011375,-0.0044289,-0.011456,-0.010231,-0.0067679,-0.0052352,-0.0027015,-0.011928,-0.0034271,-0.01069,0.035456,-0.0046377,-0.0083128,0.10228,-0.0016284,-0.0032727,-0.013955,-0.0060153,0.097976,0.018588,1,-0.0078674,-0.007558,-0.0077052,-0.0066796,0.070985,0.013895,-0.0033897,-0.0068893,0.0013184,0.043499,0.012521,-0.0035544,-0.012301,-0.006608,-0.0040025,-0.0097618,-0.0092446
-0.010644,0.017662,-0.043788,-0.043964,-0.013464,-0.018044,0.016399,-0.039693,0.014492,-0.013486,-0.024688,0.044355,0.083491,-0.023292,-0.0064003,0.022211,-0.0070279,-0.013922,-0.0055492,-0.017912,0.21693,-0.012792,-0.0096548,-0.013569,-0.0094859,-0.012619,-0.011412,0.015705,0.053287,-0.015979,-0.0056218,0.0064123,-0.011577,-0.012536,-0.0095749,0.00096341,-0.015304,0.0022534,-0.0082532,-0.0070746,0.017376,0.02943,-0.0060455,-0.011635,0.098101,-0.00030387,-0.014834,-0.010488,-0.011238,-0.012401,0.0031837,0.068932,0.061496,0.0057559,0.00018091,-0.0056772,0.02067,0.0049566,0.0032665,-0.0043634,0.0060287,-0.012879,-0.0078674,1,-0.0041359,-0.0089379,0.018637,-0.00512,-0.012482,0.028444,0.018166,-0.0053209,0.025745,0.024249,-0.010967,-0.012193,-0.0059892,-0.012953,-0.014374,-0.0007233
-0.00060053,0.030136,-0.010798,-0.0065184,0.021102,-0.015145,0.000931,0.02848,0.010986,0.008056,-0.021663,0.025127,0.012133,-0.02425,0.0082078,-0.016307,0.0079914,0.02727,0.015626,0.017792,-0.0092937,-0.017554,-0.014765,-0.0098132,-0.0011408,0.072812,0.046937,0.036559,-0.0051063,0.015723,-0.010079,-0.00016736,0.14924,-0.020039,-0.0047751,0.02936,-0.0089632,-0.010149,0.013818,-0.0033193,-0.0071245,-0.0096548,-0.015831,0.01386,-0.011287,-0.017662,0.013965,-0.0088109,0.0050691,0.11983,0.032715,-0.014214,0.0043589,0.024026,-0.012777,0.0030799,-0.0085167,0.022835,0.025241,0.10455,-0.0053144,0.010914,-0.007558,-0.0041359,1,-0.0089297,0.031392,-0.00976,0.080657,0.0087105,-0.0076557,0.15696,0.030584,-0.012135,0.0036661,-0.0032478,-0.008999,-0.004374,-0.012098,-0.0071341
-0.017317,-0.02811,0.0063387,-0.034654,-0.015971,0.023447,0.05203,0.048854,-0.040431,0.043687,0.033616,-0.046503,-0.042039,-0.015726,-0.011128,-0.018662,-0.018441,-0.011555,-0.020403,-0.012858,-0.014757,-0.019842,-0.0093887,-0.010691,-0.0032296,-0.0071332,-0.010086,-0.013333,0.080487,-0.0086844,0.089069,0.060847,-0.003531,0.056068,-0.010961,-0.0067467,-0.0038553,-0.011533,-0.034824,-0.018263,-0.030686,-0.0079064,-0.013139,-0.0096898,-0.0047521,-0.011802,-0.013717,-0.0080715,-0.0033544,-0.0078097,-0.007462,-0.012098,-0.012478,-0.0089605,0.067037,-0.0089524,-0.0065927,0.0441,-0.0013654,-0.0045819,-0.0077322,-0.0069892,-0.0077052,-0.0089379,-0.0089297,1,-0.01027,-0.0085329,-0.0034391,-0.008918,0.011974,-0.0061204,-0.0087078,-0.0074877,-0.0088536,0.05099,-0.0060631,0.023515,0.26938,0.0073897
0.0038451,0.04564,0.0066155,0.0085232,0.0055931,-0.012666,-0.017028,-0.003771,-0.0086027,-0.010315,0.0045523,0.044639,0.034461,-0.011422,0.020087,0.012712,0.052451,-0.013456,-0.012507,-0.0043956,-0.017974,-0.01074,-0.011473,-0.0094589,-0.016141,0.013043,-0.014237,-0.0062854,-0.0073228,0.032103,0.033908,-0.0039289,-0.0038147,0.00404,0.053965,0.029102,-0.014239,0.088291,0.025933,-0.010191,0.0080819,-0.0053462,0.067225,-0.0029743,0.060518,-0.015592,-0.014436,-0.008917,0.0034722,0.067442,0.0022936,0.0066314,-0.0098405,0.09139,-0.014227,-0.011504,-0.0059895,-0.0078836,-0.0088723,-0.0060397,0.015506,-0.0082519,-0.0066796,0.018637,0.031392,-0.01027,1,0.0078167,-0.0074436,0.014759,-0.0068375,-0.0026644,-0.0030547,-0.002483,0.0014212,0.037996,0.016989,-0.0090096,-0.010736,-0.013765
-0.0067688,-0.0081628,0.017449,-0.026431,-0.042359,-0.0078594,0.026839,-0.023629,-0.031582,-0.024091,0.015279,0.0091573,0.0094122,-0.018564,-0.00018122,-0.00021687,-0.0021078,-0.012263,-0.018664,-0.00083899,-0.010866,-0.0063985,0.0052462,-0.0095802,-0.0037583,-0.0037649,-0.0060891,-0.012837,-0.0059491,-0.014671,-0.00058563,-0.004895,-0.011113,-0.0013053,-0.010011,0.00024131,-0.012084,-0.0088334,-0.016703,-0.014778,0.013317,0.0039275,0.0021863,0.00078307,-0.010445,0.030001,-0.014994,-0.010758,0.3415,-0.0056092,-0.0075767,-0.014214,-0.0090027,-0.0042083,0.0069295,0.049816,-0.0017683,0.043507,0.0064761,-0.007554,0.042873,0.015339,0.070985,-0.00512,-0.00976,-0.0085329,0.0078167,1,0.33587,0.051701,-0.0069462,-0.0094073,0.086146,-0.0079815,0.028631,0.038702,-0.0061858,0.073443,0.0028559,0.00037211
-0.028484,-0.026365,0.039272,-0.012447,0.028987,-0.0083774,0.0093513,-0.01067,-0.012615,-0.025356,-0.0044155,0.0080786,-0.011609,-0.026396,-0.022207,-0.008556,-0.017413,0.0059672,-0.00082303,0.0032948,-0.0082663,-0.022815,-0.0092437,0.002234,-0.018134,-0.0016934,0.023817,0.015295,0.00014764,0.089846,-0.010851,-0.0087412,-0.0050935,0.016072,-0.020189,-0.0063574,-0.01859,-0.011252,0.02325,-0.021093,-0.0061876,-0.008039,-0.0078572,0.09871,-0.002882,-0.014527,-0.0032224,-0.01035,0.41539,0.038551,0.12654,-0.0044571,-0.016828,-0.0097865,0.030206,-0.0012448,-0.0071898,0.0099779,0.0057125,-0.0032623,-0.004796,0.046895,0.013895,-0.012482,0.080657,-0.0034391,-0.0074436,0.33587,1,0.0043134,-0.0034307,-0.0023529,-0.0025311,0.01807,-0.01156,0.0033136,-0.0039099,-0.0082902,0.065915,-0.013008
0.015239,-0.021234,-0.037072,-0.038778,-0.031226,-0.0065049,-0.023173,-0.041258,-0.017508,-0.0099878,-0.010995,0.0086201,-0.0095336,0.027924,-0.013587,0.047833,-0.00806,-0.014987,0.027589,0.038325,0.066293,-0.0064406,0.020631,0.00032847,-0.00016024,-0.010213,-0.001196,0.0029577,-0.014067,0.00024453,-0.01189,0.017782,0.0090566,0.17839,0.010127,0.057865,-0.007118,0.0066032,-0.01567,-0.0019255,-0.0029272,0.010487,-0.004079,-0.0068541,0.0166,-0.011231,-0.006757,0.31954,-0.0093956,-0.0047657,0.0027787,-0.0046185,-0.0038944,0.002628,-0.012209,-0.0055304,0.0060969,-0.0087729,0.01865,0.0027342,0.0045554,-0.0084416,-0.0033897,0.028444,0.0087105,-0.008918,0.014759,0.051701,0.0043134,1,-0.00025978,-0.0042795,0.2414,0.045933,0.056593,0.34461,-0.002073,-0.0073866,-0.0084947,0.0032671
-0.039079,-0.044284,-0.044403,0.018953,-0.0010991,-0.016857,-0.022306,0.017334,-0.026065,0.012566,-0.013118,0.030632,-0.0054669,-0.016011,-0.0080309,-0.013808,-0.0066454,-0.013523,0.028409,0.20777,-0.0063908,-0.007657,-0.0040992,-0.0087126,-0.010001,0.00013452,-0.0074556,-0.0080324,-0.011578,-0.0072521,-0.0040137,-0.0086733,-0.0093479,-0.0041687,-0.0082467,-0.0060057,-0.014547,0.28605,-0.029527,-0.006917,-0.015788,-0.0081774,-0.0057478,-0.0062977,0.35519,-0.008582,-0.0094239,0.0013318,-0.0048761,-0.0092402,0.18363,0.23782,-0.0072287,-0.0014293,0.0066131,0.34186,0.013614,-0.0022235,0.011519,-0.0053694,-0.0075094,-0.0060057,-0.0068893,0.018166,-0.0076557,0.011974,-0.0068375,-0.0069462,-0.0034307,-0.00025978,1,0.0021867,0.0046875,-0.0050638,-0.0039858,-0.0077004,-0.0056372,-0.0089872,-0.0080055,-0.0091392
0.0032916,-0.032774,-0.036341,0.016354,-0.023002,-0.010391,-0.012559,-0.011221,-0.024917,-0.0021281,0.032106,0.064345,0.015169,-0.011436,-0.0072985,0.0072202,0.0043527,-0.0035764,0.07418,-0.0038499,0.0044589,-0.0075134,0.015872,-0.011258,0.0066511,0.010178,-0.0022967,-0.012068,-0.0053309,-0.0054737,-0.0018955,-0.011321,0.10144,-0.012311,0.0025831,-0.00014322,-0.0086236,0.13531,0.0080093,-0.014883,-0.0043142,-0.0049503,-0.011844,0.0052385,-0.0072541,-0.010373,-0.009528,-0.0090494,-0.002441,-0.0045874,-0.0056861,-0.011291,-0.0094581,0.30603,-0.0080329,-0.0055014,-0.0029966,0.026988,0.012886,-0.0042927,-0.0034287,0.038394,0.0013184,-0.0053209,0.15696,-0.0061204,-0.0026644,-0.0094073,-0.0023529,-0.0042795,0.0021867,1,0.0071881,0.0034614,0.010796,0.099172,-0.0050949,0.16658,-0.0065625,-0.0056284
0.032531,0.0026586,-0.019159,-0.0097103,-0.001398,0.018081,-0.017268,-0.033327,-0.039509,-0.0052835,-0.012983,-0.030776,0.01182,-0.016808,-0.0085855,-0.017121,0.079159,-0.00093737,-0.015625,-0.004914,0.0097383,0.0091566,-0.010299,-0.012359,-0.0084002,-0.011208,0.0040515,0.00018069,-0.0045353,-0.010601,0.024795,0.022031,0.018361,-0.010663,0.0070538,0.0038123,-0.012656,-0.0020349,4.9618e-05,0.027137,0.024783,-0.0017691,0.0075266,0.0058856,0.029499,-0.0073683,-0.0065852,0.025941,-3.7168e-05,0.14896,0.0016789,0.0024401,-0.016827,-0.010627,-0.011249,-0.011854,-0.0089341,0.018777,-0.0011871,0.060103,-0.0074638,0.0082091,0.043499,0.025745,0.030584,-0.0087078,-0.0030547,0.086146,-0.0025311,0.2414,0.0046875,0.0071881,1,-0.0018107,0.094765,0.077066,0.025559,0.10241,0.066513,0.076968
0.0027716,-0.004272,-0.035071,-0.0069833,-0.0096893,-0.0062779,0.0037997,-0.029402,-0.0027045,-0.015829,-0.010147,0.0023998,0.02877,-0.002874,-0.010011,0.12343,-0.0076312,-0.00013111,0.02665,-0.010484,-0.010658,0.018974,0.053732,0.037237,0.022207,-0.0064322,-0.0075923,0.010177,0.040477,-0.0072937,-0.0004268,0.032069,-0.012845,0.19173,0.012571,-0.0018638,-0.01207,0.031308,0.0017897,0.0074512,-0.016055,0.045025,0.029059,-0.0015056,-0.00089674,-0.011013,0.011573,0.00088194,-0.0076748,-0.007109,-0.0025651,-0.0071172,0.098573,-0.0095336,0.00022255,-0.0029342,0.031607,0.040659,-0.0068237,0.01463,0.024083,0.028154,0.012521,0.024249,-0.012135,-0.0074877,-0.002483,-0.0079815,0.01807,0.045933,-0.0050638,0.0034614,-0.0018107,1,0.00042006,0.035089,0.01084,0.00096774,0.005055,-0.0030809
0.02837,0.026371,-0.0044643,-0.047231,-0.02466,-0.0011431,-0.031071,-0.053838,-0.026504,0.000754,-0.029075,0.033824,0.0020551,-0.026416,-0.011161,-0.01817,-0.018025,-0.0197,-0.01705,-0.012865,-0.017073,-0.019596,0.059357,-0.011504,-0.014943,-0.012311,-0.0073256,-0.014515,-0.016967,0.21297,-0.011743,-0.014171,-0.0050586,-0.007473,0.0075263,0.040646,-0.0089872,-0.013912,-0.020208,-0.02378,-0.012654,0.32182,-0.0060531,-0.0039156,-0.011046,-0.014066,-0.01494,-0.007761,-0.010052,-0.013912,0.009155,-0.017844,-0.011711,0.012148,-0.010119,-0.0060587,-0.0042151,-0.0106,-0.014645,-0.0058962,-0.0088063,0.0016629,-0.0035544,-0.010967,0.0036661,-0.0088536,0.0014212,0.028631,-0.01156,0.056593,-0.0039858,0.010796,0.094765,0.00042006,1,0.18504,0.0077539,0.0042777,7.5755e-05,0.21878
0.016345,0.00030864,-0.045554,-0.075437,-0.071501,-0.01682,0.033577,-0.028781,-0.031356,0.042805,-0.025609,0.020684,-0.015979,0.00099342,-0.009177,0.010879,-0.014699,-0.011943,0.058979,0.011306,0.025639,-0.026143,-0.010721,0.0068762,-0.015329,-0.0090597,-0.00086541,-0.024852,-0.019962,0.16238,-0.009349,0.0096788,-0.0075314,0.095527,0.002101,0.01632,-0.025918,0.037555,-0.028662,-0.020307,0.0026307,-0.012568,-0.0089762,-0.008739,-0.0021904,-0.015064,0.10955,0.15921,-0.0077433,-0.004299,-0.0089122,-0.015625,-0.015821,0.10807,0.02143,-0.0062055,-0.010277,-0.010281,-0.014065,-0.0069553,-0.011818,-0.0094511,-0.012301,-0.012193,-0.0032478,0.05099,0.037996,0.038702,0.0033136,0.34461,-0.0077004,0.099172,0.077066,0.035089,0.18504,1,-0.00025028,0.05316,0.19437,0.10894
-0.053075,-0.042628,-0.040801,-0.033987,-0.042429,-0.014248,-0.018247,-0.040826,-0.033759,-0.017823,-0.026054,-0.027299,-0.03434,-0.017041,-0.013155,0.015895,0.0022687,-0.010399,-0.018735,-0.010462,-0.0058094,-0.014525,0.020127,0.00048813,-0.0070376,-0.0090263,-0.0091063,-0.010081,-0.012148,0.0023049,0.031859,-0.0089271,-0.0077249,0.0040414,-0.01007,-0.0041541,0.0067793,-0.0068877,-0.026457,-0.0020699,-0.0034949,0.010396,-0.0069575,-0.0040752,-0.0066713,-0.0068348,0.0011404,-0.0069916,-0.0067539,0.0035858,-0.0064168,-0.0047395,-0.0066608,0.019946,-0.004016,-0.0074749,-0.0042569,-0.0084644,-0.012135,-0.0028047,-0.0066874,-0.0008097,-0.006608,-0.0059892,-0.008999,-0.0060631,0.016989,-0.0061858,-0.0039099,-0.002073,-0.0056372,-0.0050949,0.025559,0.01084,0.0077539,-0.00025028,1,0.043234,0.026478,0.022728
-0.023584,-0.027852,-0.039319,-0.028257,-0.03451,-0.018783,-0.019072,-0.033839,-0.02106,-0.018473,0.030564,0.019134,0.01294,-0.0072932,-0.0062132,0.0087287,0.03792,0.0092797,0.037179,-0.018493,-0.016743,0.036709,0.0026281,-0.016089,0.041967,0.0020291,-0.0031498,0.0004671,-0.0017292,-0.01164,0.15263,-0.015917,-0.0053305,0.05993,0.0066026,0.015874,0.020502,0.07708,-0.0024686,0.036968,-0.009955,0.065311,0.052261,0.011932,-0.0082389,0.14918,0.017161,-0.0058552,0.00056463,-0.009245,-0.0086098,-0.0050989,0.014035,0.18397,-0.0098134,0.00047299,-0.0089573,0.16121,-0.020936,-0.0010178,0.00064567,0.0017378,-0.0040025,-0.012953,-0.004374,0.023515,-0.0090096,0.073443,-0.0082902,-0.0073866,-0.0089872,0.16658,0.10241,0.00096774,0.0042777,0.05316,0.043234,1,0.2369,0.16138
-0.018263,-0.070592,-0.04369,-0.023649,-0.0030474,-0.0044417,0.030124,-0.044871,-0.032985,0.096262,0.0087783,-0.028505,-0.022361,-0.0026708,-0.020351,-0.016253,0.0088012,-0.012846,0.0023418,0.061514,-0.0086152,-0.019125,0.084631,-0.017496,-0.0088279,-0.009514,-0.015813,-0.013779,-0.01765,0.047825,0.095389,0.047023,-0.008386,0.037257,-0.0153,-0.0091115,0.011307,-0.00068354,-0.0085504,0.028274,-0.020303,0.05074,-0.020605,0.093758,-0.009171,-0.01768,0.002383,-0.0071393,0.014194,-0.0027671,-0.0099932,-0.014847,-0.020005,-0.017375,0.061091,-0.012762,-0.0030175,0.30835,-0.0107,-0.007228,-0.012992,0.020206,-0.0097618,-0.014374,-0.012098,0.26938,-0.010736,0.0028559,0.065915,-0.0084947,-0.0080055,-0.0065625,0.066513,0.005055,7.5755e-05,0.19437,0.026478,0.2369,1,0.25519
0.037106,-0.039505,-0.036532,-0.039938,-0.042743,-0.017415,-0.041566,-0.031554,0.03926,0.04779,0.0069093,0.041931,-0.021335,-0.002288,-0.006237,-0.016578,0.012178,-0.0097377,-0.01165,-0.019565,-0.0060282,-0.01214,0.076226,0.015208,-0.0019401,0.017191,-0.010097,-0.012651,-0.014091,-0.008502,0.031298,-0.022425,-0.012016,-0.0086766,-0.010344,0.018851,-0.0080938,-0.013685,-0.019416,-0.0021424,-0.027868,-0.012291,-0.017686,0.0087492,0.003263,-0.0063742,-0.01721,0.0039106,-0.0072123,0.0058776,-0.010979,-0.011733,2.806e-05,-0.0030712,-0.0024147,-0.007571,-0.0013857,0.0038953,-0.017449,-0.0063978,-0.010936,0.016509,-0.0092446,-0.0007233,-0.0071341,0.0073897,-0.013765,0.00037211,-0.013008,0.0032671,-0.0091392,-0.0056284,0.076968,-0.0030809,0.21878,0.10894,0.022728,0.16138,0.25519,1
